cluster,count,mean_final_x,mean_final_y,vehicle_count,pedestrian_count
0,50,15.402141571044922,-0.15667688846588135,50,0
1,25,32.975250244140625,-0.36612772941589355,25,0
2,25,18.39361000061035,-11.401937484741211,25,0
3,25,3.6506967544555664,0.43072089552879333,0,25
4,25,18.427209854125977,11.176758766174316,25,0
