model,count,ADE,FDE,minADE,minFDE,Miss Rate,minMiss Rate
linear,150,3.761396884918213,8.524677276611328,3.761396884918213,8.524677276611328,0.8266666531562805,0.8266666531562805
