{
  "ADE": 7.103316307067871,
  "FDE": 13.77344036102295,
  "Latency": 0.001305927631543263,
  "Miss Rate": 0.9473684430122375,
  "Parameters": 46156,
  "checkpoint": "outputs/checkpoints/phase14_av2_small/best_diffusion_pca_phase14_smoke.pt",
  "data": "data/processed/val_small.npz",
  "minADE": 6.917838096618652,
  "minFDE": 12.924206733703613,
  "model": "diffusion_pca",
  "num_prediction_samples": 4,
  "num_samples": 95
}
