{
  "ADE": 9.96528148651123,
  "FDE": 18.540878295898438,
  "Latency": 0.0008923205533452953,
  "Miss Rate": 0.9866666793823242,
  "Parameters": 70588,
  "checkpoint": "outputs/checkpoints/best_diffusion_direct.pt",
  "data": "data/processed/val_smoke.npz",
  "minADE": 9.772790908813477,
  "minFDE": 17.46110725402832,
  "model": "diffusion_direct",
  "num_prediction_samples": 4,
  "num_samples": 150
}
