{
  "ADE": 10.946355819702148,
  "FDE": 21.14156723022461,
  "Latency": 0.0009668179787695408,
  "Miss Rate": 0.8947368264198303,
  "Parameters": 55420,
  "checkpoint": "outputs/checkpoints/phase14_av2_small/best_diffusion_direct_phase14_smoke.pt",
  "data": "data/processed/val_small.npz",
  "minADE": 10.79123306274414,
  "minFDE": 20.124284744262695,
  "model": "diffusion_direct",
  "num_prediction_samples": 4,
  "num_samples": 95
}
