{
  "ADE": 4.496754169464111,
  "FDE": 9.384163856506348,
  "Latency": 0.0014044830532899746,
  "Miss Rate": 0.8866666555404663,
  "Parameters": 58252,
  "checkpoint": "outputs/checkpoints/best_diffusion_pca.pt",
  "data": "data/processed/val_smoke.npz",
  "minADE": 4.342960834503174,
  "minFDE": 8.741191864013672,
  "model": "diffusion_pca",
  "num_prediction_samples": 4,
  "num_samples": 150
}
