{
  "ADE": 1.462841272354126,
  "FDE": 3.491798162460327,
  "Latency": 0.00017751184212485034,
  "Miss Rate": 0.5157894492149353,
  "Parameters": 0,
  "data": "data/processed/val_small.npz",
  "model": "linear",
  "num_samples": 95
}
