{
  "ADE": 10.734396934509277,
  "FDE": 21.011072158813477,
  "Latency": 0.008121722799995424,
  "Miss Rate": 0.8736842274665833,
  "Parameters": 35970,
  "checkpoint": "outputs/checkpoints/phase14_av2_small/best_lstm_phase14_smoke.pt",
  "data": "data/processed/val_small.npz",
  "model": "lstm",
  "num_samples": 95
}
