cluster,count,mean_final_x,mean_final_y,vehicle_count,pedestrian_count
0,4302,33.70391845703125,-0.09872196614742279,4302,0
1,5479,13.412405967712402,0.17284531891345978,5463,16
2,6806,3.133197546005249,-0.07363275438547134,5253,1553
3,5291,23.324542999267578,0.1660253405570984,5288,3
4,1828,48.03588104248047,-0.26052722334861755,1828,0
