cluster,count,mean_final_x,mean_final_y,vehicle_count,pedestrian_count
0,22,13.044113159179688,1.3531980514526367,22,0
1,11,48.486183166503906,-0.8380368947982788,11,0
2,26,3.1379830837249756,-0.07655440270900726,21,5
3,15,35.91726303100586,-0.03419401869177818,15,0
4,21,25.3865966796875,0.19600175321102142,21,0
