cluster,model,count,ADE,FDE,minADE,minFDE,Miss Rate,minMiss Rate
0,linear,22,2.386045455932617,5.710822105407715,2.386045455932617,5.710822105407715,0.6363636255264282,0.6363636255264282
1,linear,11,1.4884743690490723,3.3234148025512695,1.4884743690490723,3.3234148025512695,0.6363636255264282,0.6363636255264282
2,linear,26,0.9051799774169922,2.381615161895752,0.9051800966262817,2.381615161895752,0.38461539149284363,0.38461539149284363
3,linear,15,0.8003712296485901,1.663316249847412,0.8003711700439453,1.663316249847412,0.2666666805744171,0.2666666805744171
4,linear,21,1.6458783149719238,3.935877561569214,1.6458784341812134,3.935877561569214,0.6666666865348816,0.6666666865348816
