model,count,ADE,FDE,minADE,minFDE,Miss Rate,minMiss Rate
linear,95,1.4628411531448364,3.4917984008789062,1.4628411531448364,3.4917984008789062,0.5157894492149353,0.5157894492149353
diffusion_direct,95,10.946356773376465,21.141569137573242,10.79123306274414,20.124286651611328,0.8947368264198303,0.8421052694320679
diffusion_pca,95,7.103315830230713,13.77344036102295,6.917838096618652,12.924206733703613,0.9473684430122375,0.9368420839309692
lstm,95,10.734397888183594,21.01107406616211,10.734397888183594,21.01107406616211,0.8736842274665833,0.8736842274665833
transformer,95,10.198662757873535,19.419828414916992,10.198662757873535,19.419828414916992,0.8631578683853149,0.8631578683853149
