model,count,ADE,FDE,minADE,minFDE,Miss Rate,minMiss Rate
linear,95,1.4628411531448364,3.4917984008789062,1.4628411531448364,3.4917984008789062,0.5157894492149353,0.5157894492149353
